Assists,AssistsPercentage,BlockedShots,BlocksPercentage,DefensiveRebounds,DefensiveReboundsPercentage,DoubleDoubles,EffectiveFieldGoalsPercentage,FantasyPoints,FantasyPointsDraftKings,FantasyPointsFanDuel,FantasyPointsFantasyDraft,FantasyPointsYahoo,FieldGoalsAttempted,FieldGoalsMade,FieldGoalsPercentage,FreeThrowsAttempted,FreeThrowsMade,FreeThrowsPercentage,Games,GlobalTeamID,IsClosed,Losses,Minutes,Name,OffensiveRebounds,OffensiveReboundsPercentage,OpponentPosition,OpponentStat,PersonalFouls,PlayerEfficiencyRating,PlusMinus,Points,Possessions,Rebounds,Season,SeasonType,Seconds,StatID,Steals,StealsPercentage,Team,TeamID,ThreePointersAttempted,ThreePointersMade,ThreePointersPercentage,TotalReboundsPercentage,TripleDoubles,TrueShootingAttempts,TrueShootingPercentage,TurnOversPercentage,Turnovers,TwoPointersAttempted,TwoPointersMade,TwoPointersPercentage,Updated,UsageRatePercentage,Wins
2192.0,,392.2,,3032.8,,45.1,57.7,18316.1,19788.1,19427.3,19788.1,19427.3,7903.7,3527.5,50.3,1864.1,1462.8,88.5,82,20000003,False,58,22206,Atlanta Hawks,836.2,,,"{'StatID': 401678, 'TeamID': 3, 'SeasonType': 1, 'Season': 2018, 'Name': 'Atlanta Hawks', 'Team': 'ATL', 'Wins': 58, 'Losses': 24, 'OpponentPosition': None, 'Possessions': 9048.2, 'GlobalTeamID': 20000003, 'Updated': '2018-06-24T20:19:33', 'Games': 82, 'FantasyPoints': 19834.3, 'Minutes': 22205, 'Seconds': 41, 'FieldGoalsMade': 3759.7, 'FieldGoalsAttempted': 8009.6, 'FieldGoalsPercentage': 52.9, 'EffectiveFieldGoalsPercentage': 60.4, 'TwoPointersMade': 2690.1, 'TwoPointersAttempted': 5170.7, 'TwoPointersPercentage': 58.6, 'ThreePointersMade': 1069.5, 'ThreePointersAttempted': 2838.9, 'ThreePointersPercentage': 42.5, 'FreeThrowsMade': 1466.2, 'FreeThrowsAttempted': 1900.1, 'FreeThrowsPercentage': 87.0, 'OffensiveRebounds': 947.8, 'DefensiveRebounds': 3138.7, 'Rebounds': 4086.5, 'OffensiveReboundsPercentage': None, 'DefensiveReboundsPercentage': None, 'TotalReboundsPercentage': None, 'Assists': 2407.3, 'Steals': 800.2, 'BlockedShots': 510.5, 'Turnovers': 1356.9, 'PersonalFouls': 1871.9, 'Points': 10055.1, 'TrueShootingAttempts': 8845.6, 'TrueShootingPercentage': 64.0, 'PlayerEfficiencyRating': None, 'AssistsPercentage': None, 'StealsPercentage': None, 'BlocksPercentage': None, 'TurnOversPercentage': None, 'UsageRatePercentage': None, 'FantasyPointsFanDuel': 21145.0, 'FantasyPointsDraftKings': 21404.0, 'FantasyPointsYahoo': 21145.0, 'PlusMinus': 2518.8, 'DoubleDoubles': 91.3, 'TripleDoubles': 10.1, 'FantasyPointsFantasyDraft': 21404.0, 'IsClosed': False, 'OpponentStat': None}",1810.0,,-2529.0,9551.3,9048.2,3869.0,2018,1,64,401658,719.0,,ATL,3,2867.1,1033.5,40.6,,0.0,8723.8,61.6,,1388.5,5036.6,2494.1,55.8,2018-06-24T20:19:33,,24
2186.4,,439.5,,3213.1,,57.5,57.9,18775.1,20313.0,19792.8,20313.0,19792.8,8016.4,3534.3,49.7,2085.0,1609.4,87.0,82,20000008,False,54,22373,Brooklyn Nets,891.5,,,"{'StatID': 401682, 'TeamID': 8, 'SeasonType': 1, 'Season': 2018, 'Name': 'Brooklyn Nets', 'Team': 'BKN', 'Wins': 54, 'Losses': 28, 'OpponentPosition': None, 'Possessions': 9156.9, 'GlobalTeamID': 20000008, 'Updated': '2018-06-24T20:19:33', 'Games': 82, 'FantasyPoints': 19724.0, 'Minutes': 22382, 'Seconds': 13, 'FieldGoalsMade': 3852.1, 'FieldGoalsAttempted': 8265.4, 'FieldGoalsPercentage': 52.5, 'EffectiveFieldGoalsPercentage': 58.2, 'TwoPointersMade': 3017.0, 'TwoPointersAttempted': 6000.1, 'TwoPointersPercentage': 56.7, 'ThreePointersMade': 835.1, 'ThreePointersAttempted': 2265.3, 'ThreePointersPercentage': 41.6, 'FreeThrowsMade': 1657.8, 'FreeThrowsAttempted': 2165.0, 'FreeThrowsPercentage': 86.3, 'OffensiveRebounds': 961.3, 'DefensiveRebounds': 3359.6, 'Rebounds': 4320.9, 'OffensiveReboundsPercentage': None, 'DefensiveReboundsPercentage': None, 'TotalReboundsPercentage': None, 'Assists': 2009.4, 'Steals': 711.1, 'BlockedShots': 507.2, 'Turnovers': 1109.0, 'PersonalFouls': 1821.2, 'Points': 10197.1, 'TrueShootingAttempts': 9218.0, 'TrueShootingPercentage': 62.3, 'PlayerEfficiencyRating': None, 'AssistsPercentage': None, 'StealsPercentage': None, 'BlocksPercentage': None, 'TurnOversPercentage': None, 'UsageRatePercentage': None, 'FantasyPointsFanDuel': 20942.3, 'FantasyPointsDraftKings': 21069.3, 'FantasyPointsYahoo': 20942.3, 'PlusMinus': 1737.8, 'DoubleDoubles': 99.2, 'TripleDoubles': 5.6, 'FantasyPointsFantasyDraft': 21069.3, 'IsClosed': False, 'OpponentStat': None}",1901.2,,-1734.5,9851.1,9156.9,4104.5,2018,1,54,401662,578.2,,BKN,8,3296.5,1173.2,40.1,,1.1,8933.7,62.1,,1316.3,4719.9,2361.1,56.4,2018-06-24T20:19:33,,28
2075.9,,421.5,,3243.5,,38.3,58.4,18627.1,20038.9,19729.3,20038.9,19729.3,7860.8,3539.9,50.7,1912.5,1474.1,86.9,82,20000009,False,27,22321,Boston Celtics,864.4,,,"{'StatID': 400448, 'TeamID': 9, 'SeasonType': 1, 'Season': 2018, 'Name': 'Boston Celtics', 'Team': 'BOS', 'Wins': 27, 'Losses': 55, 'OpponentPosition': None, 'Possessions': 8874.7, 'GlobalTeamID': 20000009, 'Updated': '2018-06-24T20:19:33', 'Games': 82, 'FantasyPoints': 17991.5, 'Minutes': 22319, 'Seconds': 57, 'FieldGoalsMade': 3455.4, 'FieldGoalsAttempted': 7857.4, 'FieldGoalsPercentage': 49.6, 'EffectiveFieldGoalsPercentage': 55.8, 'TwoPointersMade': 2588.7, 'TwoPointersAttempted': 5300.3, 'TwoPointersPercentage': 55.0, 'ThreePointersMade': 866.7, 'ThreePointersAttempted': 2557.2, 'ThreePointersPercentage': 38.2, 'FreeThrowsMade': 1503.4, 'FreeThrowsAttempted': 1970.0, 'FreeThrowsPercentage': 86.0, 'OffensiveRebounds': 891.5, 'DefensiveRebounds': 3157.9, 'Rebounds': 4049.3, 'OffensiveReboundsPercentage': None, 'DefensiveReboundsPercentage': None, 'TotalReboundsPercentage': None, 'Assists': 1964.4, 'Steals': 669.4, 'BlockedShots': 410.2, 'Turnovers': 1254.4, 'PersonalFouls': 1770.5, 'Points': 9280.8, 'TrueShootingAttempts': 8724.2, 'TrueShootingPercentage': 60.0, 'PlayerEfficiencyRating': None, 'AssistsPercentage': None, 'StealsPercentage': None, 'BlocksPercentage': None, 'TurnOversPercentage': None, 'UsageRatePercentage': None, 'FantasyPointsFanDuel': 19071.2, 'FantasyPointsDraftKings': 19371.2, 'FantasyPointsYahoo': 19071.2, 'PlusMinus': -1664.6, 'DoubleDoubles': 77.8, 'TripleDoubles': 0.0, 'FantasyPointsFantasyDraft': 19371.2, 'IsClosed': False, 'OpponentStat': None}",1823.5,,1656.7,9612.2,8874.7,4107.9,2018,1,0,400444,680.7,,BOS,9,2808.5,1058.3,42.5,,2.3,8702.3,62.2,,1232.9,5052.3,2481.7,55.3,2018-06-24T20:19:33,,55
1995.9,,424.9,,3271.7,,81.1,57.3,19004.3,20373.3,20059.1,20373.3,20059.1,8006.2,3603.0,50.7,2497.4,1866.3,84.2,82,20000002,False,46,22297,Charlotte Hornets,927.5,,,"{'StatID': 401677, 'TeamID': 2, 'SeasonType': 1, 'Season': 2018, 'Name': 'Charlotte Hornets', 'Team': 'CHA', 'Wins': 46, 'Losses': 36, 'OpponentPosition': None, 'Possessions': 9102.9, 'GlobalTeamID': 20000002, 'Updated': '2018-06-24T20:19:33', 'Games': 82, 'FantasyPoints': 19179.4, 'Minutes': 22285, 'Seconds': 48, 'FieldGoalsMade': 3798.0, 'FieldGoalsAttempted': 8113.3, 'FieldGoalsPercentage': 52.7, 'EffectiveFieldGoalsPercentage': 60.0, 'TwoPointersMade': 2754.4, 'TwoPointersAttempted': 5333.0, 'TwoPointersPercentage': 58.2, 'ThreePointersMade': 1043.6, 'ThreePointersAttempted': 2780.3, 'ThreePointersPercentage': 42.3, 'FreeThrowsMade': 1337.7, 'FreeThrowsAttempted': 1683.7, 'FreeThrowsPercentage': 89.6, 'OffensiveRebounds': 778.8, 'DefensiveRebounds': 3259.3, 'Rebounds': 4038.0, 'OffensiveReboundsPercentage': None, 'DefensiveReboundsPercentage': None, 'TotalReboundsPercentage': None, 'Assists': 2286.7, 'Steals': 609.7, 'BlockedShots': 456.4, 'Turnovers': 1205.9, 'PersonalFouls': 2072.6, 'Points': 9977.3, 'TrueShootingAttempts': 8854.1, 'TrueShootingPercentage': 63.5, 'PlayerEfficiencyRating': None, 'AssistsPercentage': None, 'StealsPercentage': None, 'BlocksPercentage': None, 'TurnOversPercentage': None, 'UsageRatePercentage': None, 'FantasyPointsFanDuel': 20245.5, 'FantasyPointsDraftKings': 20636.2, 'FantasyPointsYahoo': 20245.5, 'PlusMinus': -120.6, 'DoubleDoubles': 82.3, 'TripleDoubles': 4.5, 'FantasyPointsFantasyDraft': 20636.2, 'IsClosed': False, 'OpponentStat': None}",1587.9,,127.4,10001.0,9102.9,4199.2,2018,1,19,401657,630.0,,CHA,2,2515.5,928.6,41.6,,2.3,9105.1,61.9,,1139.4,5490.7,2674.4,54.9,2018-06-24T20:19:33,,36
2165.0,,325.7,,3236.7,,65.4,56.0,18543.5,19972.1,19574.8,19972.1,19574.8,8210.2,3572.6,49.0,1775.0,1345.6,85.4,82,20000011,False,55,22368,Chicago Bulls,890.3,,,"{'StatID': 402483, 'TeamID': 11, 'SeasonType': 1, 'Season': 2018, 'Name': 'Chicago Bulls', 'Team': 'CHI', 'Wins': 55, 'Losses': 27, 'OpponentPosition': None, 'Possessions': 9108.9, 'GlobalTeamID': 20000011, 'Updated': '2018-06-24T20:19:33', 'Games': 82, 'FantasyPoints': 19904.5, 'Minutes': 22384, 'Seconds': 29, 'FieldGoalsMade': 3786.7, 'FieldGoalsAttempted': 8018.6, 'FieldGoalsPercentage': 53.2, 'EffectiveFieldGoalsPercentage': 61.1, 'TwoPointersMade': 2671.0, 'TwoPointersAttempted': 5000.5, 'TwoPointersPercentage': 60.2, 'ThreePointersMade': 1115.7, 'ThreePointersAttempted': 3018.1, 'ThreePointersPercentage': 41.7, 'FreeThrowsMade': 1473.0, 'FreeThrowsAttempted': 1870.8, 'FreeThrowsPercentage': 88.7, 'OffensiveRebounds': 778.8, 'DefensiveRebounds': 3441.9, 'Rebounds': 4220.6, 'OffensiveReboundsPercentage': None, 'DefensiveReboundsPercentage': None, 'TotalReboundsPercentage': None, 'Assists': 2394.9, 'Steals': 663.8, 'BlockedShots': 477.8, 'Turnovers': 1198.0, 'PersonalFouls': 1606.0, 'Points': 10162.2, 'TrueShootingAttempts': 8841.8, 'TrueShootingPercentage': 64.8, 'PlayerEfficiencyRating': None, 'AssistsPercentage': None, 'StealsPercentage': None, 'BlocksPercentage': None, 'TurnOversPercentage': None, 'UsageRatePercentage': None, 'FantasyPointsFanDuel': 21046.2, 'FantasyPointsDraftKings': 21375.5, 'FantasyPointsYahoo': 21046.2, 'PlusMinus': 3250.3, 'DoubleDoubles': 62.0, 'TripleDoubles': 7.9, 'FantasyPointsFantasyDraft': 21375.5, 'IsClosed': False, 'OpponentStat': None}",1770.5,,-3245.8,9511.9,9108.9,4127.1,2018,1,38,402477,705.5,,CHI,11,2872.7,1021.1,40.0,,0.0,8991.2,59.6,,1230.7,5337.5,2551.5,53.9,2018-06-24T20:19:33,,27
2159.3,,350.5,,3110.5,,105.9,61.6,18940.4,20492.0,19946.8,20492.0,19946.8,7836.0,3731.5,53.6,2151.4,1677.0,87.8,82,20000012,False,32,22244,Cleveland Cavaliers,783.3,,,"{'StatID': 400449, 'TeamID': 12, 'SeasonType': 1, 'Season': 2018, 'Name': 'Cleveland Cavaliers', 'Team': 'CLE', 'Wins': 32, 'Losses': 50, 'OpponentPosition': None, 'Possessions': 9032.5, 'GlobalTeamID': 20000012, 'Updated': '2018-06-24T20:19:33', 'Games': 82, 'FantasyPoints': 19545.8, 'Minutes': 22236, 'Seconds': 0, 'FieldGoalsMade': 3864.5, 'FieldGoalsAttempted': 8157.2, 'FieldGoalsPercentage': 53.4, 'EffectiveFieldGoalsPercentage': 60.9, 'TwoPointersMade': 2787.1, 'TwoPointersAttempted': 5231.5, 'TwoPointersPercentage': 60.1, 'ThreePointersMade': 1077.4, 'ThreePointersAttempted': 2925.7, 'ThreePointersPercentage': 41.5, 'FreeThrowsMade': 1352.4, 'FreeThrowsAttempted': 1789.7, 'FreeThrowsPercentage': 85.2, 'OffensiveRebounds': 917.4, 'DefensiveRebounds': 3118.4, 'Rebounds': 4035.8, 'OffensiveReboundsPercentage': None, 'DefensiveReboundsPercentage': None, 'TotalReboundsPercentage': None, 'Assists': 2391.5, 'Steals': 687.5, 'BlockedShots': 387.7, 'Turnovers': 1193.5, 'PersonalFouls': 1911.4, 'Points': 10158.8, 'TrueShootingAttempts': 8944.7, 'TrueShootingPercentage': 64.0, 'PlayerEfficiencyRating': None, 'AssistsPercentage': None, 'StealsPercentage': None, 'BlocksPercentage': None, 'TurnOversPercentage': None, 'UsageRatePercentage': None, 'FantasyPointsFanDuel': 20620.9, 'FantasyPointsDraftKings': 21025.0, 'FantasyPointsYahoo': 20620.9, 'PlusMinus': -433.9, 'DoubleDoubles': 90.2, 'TripleDoubles': 4.5, 'FantasyPointsFantasyDraft': 21025.0, 'IsClosed': False, 'OpponentStat': None}",1716.4,,436.1,10245.6,9032.5,3893.8,2018,1,0,400445,655.9,,CLE,12,2970.8,1105.6,41.9,,20.3,8782.7,65.7,,1229.6,4865.3,2625.9,60.9,2018-06-24T20:19:33,,50
2094.0,,347.1,,3062.1,,45.1,57.8,18080.0,19429.2,19078.5,19429.2,19078.5,7935.2,3525.3,50.0,1724.3,1315.2,86.0,82,20000025,False,58,22317,Dallas Mavericks,750.6,,,"{'StatID': 401693, 'TeamID': 25, 'SeasonType': 1, 'Season': 2018, 'Name': 'Dallas Mavericks', 'Team': 'DAL', 'Wins': 58, 'Losses': 24, 'OpponentPosition': None, 'Possessions': 8851.4, 'GlobalTeamID': 20000025, 'Updated': '2018-06-24T20:19:33', 'Games': 82, 'FantasyPoints': 19002.7, 'Minutes': 22320, 'Seconds': 40, 'FieldGoalsMade': 3627.8, 'FieldGoalsAttempted': 7739.1, 'FieldGoalsPercentage': 52.9, 'EffectiveFieldGoalsPercentage': 60.0, 'TwoPointersMade': 2642.8, 'TwoPointersAttempted': 5021.9, 'TwoPointersPercentage': 59.3, 'ThreePointersMade': 985.0, 'ThreePointersAttempted': 2717.2, 'ThreePointersPercentage': 40.9, 'FreeThrowsMade': 1495.5, 'FreeThrowsAttempted': 1976.8, 'FreeThrowsPercentage': 85.3, 'OffensiveRebounds': 814.8, 'DefensiveRebounds': 3410.3, 'Rebounds': 4225.1, 'OffensiveReboundsPercentage': None, 'DefensiveReboundsPercentage': None, 'TotalReboundsPercentage': None, 'Assists': 2174.0, 'Steals': 670.6, 'BlockedShots': 414.7, 'Turnovers': 1235.2, 'PersonalFouls': 1808.8, 'Points': 9736.2, 'TrueShootingAttempts': 8608.9, 'TrueShootingPercentage': 63.7, 'PlayerEfficiencyRating': None, 'AssistsPercentage': None, 'StealsPercentage': None, 'BlocksPercentage': None, 'TurnOversPercentage': None, 'UsageRatePercentage': None, 'FantasyPointsFanDuel': 20088.0, 'FantasyPointsDraftKings': 20481.3, 'FantasyPointsYahoo': 20088.0, 'PlusMinus': 1398.6, 'DoubleDoubles': 100.3, 'TripleDoubles': 4.5, 'FantasyPointsFantasyDraft': 20481.3, 'IsClosed': False, 'OpponentStat': None}",1777.3,,-1398.6,9455.5,8851.4,3812.6,2018,1,46,401673,651.4,,DAL,25,3029.4,1089.8,40.6,,1.1,8693.9,61.3,,1088.7,4905.8,2435.4,55.9,2018-06-24T20:19:33,,24
2319.4,,455.3,,3097.0,,65.4,60.4,19576.9,21090.4,20738.8,21090.4,20738.8,8002.8,3761.9,53.0,2062.4,1582.3,86.4,82,20000020,False,36,22405,Denver Nuggets,1015.4,,,"{'StatID': 401689, 'TeamID': 20, 'SeasonType': 1, 'Season': 2018, 'Name': 'Denver Nuggets', 'Team': 'DEN', 'Wins': 36, 'Losses': 46, 'OpponentPosition': None, 'Possessions': 8992.0, 'GlobalTeamID': 20000020, 'Updated': '2018-06-24T20:19:33', 'Games': 82, 'FantasyPoints': 19194.4, 'Minutes': 22404, 'Seconds': 0, 'FieldGoalsMade': 3816.0, 'FieldGoalsAttempted': 8014.1, 'FieldGoalsPercentage': 53.6, 'EffectiveFieldGoalsPercentage': 60.7, 'TwoPointersMade': 2809.6, 'TwoPointersAttempted': 5348.7, 'TwoPointersPercentage': 59.2, 'ThreePointersMade': 1006.4, 'ThreePointersAttempted': 2665.4, 'ThreePointersPercentage': 42.6, 'FreeThrowsMade': 1390.7, 'FreeThrowsAttempted': 1883.2, 'FreeThrowsPercentage': 83.2, 'OffensiveRebounds': 899.3, 'DefensiveRebounds': 2946.0, 'Rebounds': 3845.3, 'OffensiveReboundsPercentage': None, 'DefensiveReboundsPercentage': None, 'TotalReboundsPercentage': None, 'Assists': 2287.8, 'Steals': 737.1, 'BlockedShots': 440.7, 'Turnovers': 1236.3, 'PersonalFouls': 1914.8, 'Points': 10029.2, 'TrueShootingAttempts': 8842.7, 'TrueShootingPercentage': 63.9, 'PlayerEfficiencyRating': None, 'AssistsPercentage': None, 'StealsPercentage': None, 'BlocksPercentage': None, 'TurnOversPercentage': None, 'UsageRatePercentage': None, 'FantasyPointsFanDuel': 20372.1, 'FantasyPointsDraftKings': 20604.4, 'FantasyPointsYahoo': 20372.1, 'PlusMinus': -681.8, 'DoubleDoubles': 60.9, 'TripleDoubles': 3.4, 'FantasyPointsFantasyDraft': 20604.4, 'IsClosed': False, 'OpponentStat': None}",1727.7,,678.5,10165.5,8992.0,4112.4,2018,1,59,401669,706.6,,DEN,20,2858.1,1059.4,41.8,,11.3,8910.3,64.2,,1326.5,5144.8,2702.5,59.2,2018-06-24T20:19:33,,46
2105.2,,359.5,,3106.0,,87.9,57.7,18550.9,19976.9,19618.1,19976.9,19618.1,8034.4,3615.4,50.7,1826.9,1360.3,84.0,82,20000014,False,43,22317,Detroit Pistons,936.5,,,"{'StatID': 401684, 'TeamID': 14, 'SeasonType': 1, 'Season': 2018, 'Name': 'Detroit Pistons', 'Team': 'DET', 'Wins': 43, 'Losses': 39, 'OpponentPosition': None, 'Possessions': 8888.2, 'GlobalTeamID': 20000014, 'Updated': '2018-06-24T20:19:33', 'Games': 82, 'FantasyPoints': 18872.0, 'Minutes': 22311, 'Seconds': 42, 'FieldGoalsMade': 3613.2, 'FieldGoalsAttempted': 7874.3, 'FieldGoalsPercentage': 51.7, 'EffectiveFieldGoalsPercentage': 59.1, 'TwoPointersMade': 2589.8, 'TwoPointersAttempted': 5026.4, 'TwoPointersPercentage': 58.0, 'ThreePointersMade': 1023.3, 'ThreePointersAttempted': 2847.9, 'ThreePointersPercentage': 40.5, 'FreeThrowsMade': 1353.5, 'FreeThrowsAttempted': 1744.6, 'FreeThrowsPercentage': 87.5, 'OffensiveRebounds': 852.0, 'DefensiveRebounds': 3192.8, 'Rebounds': 4044.8, 'OffensiveReboundsPercentage': None, 'DefensiveReboundsPercentage': None, 'TotalReboundsPercentage': None, 'Assists': 2325.0, 'Steals': 670.6, 'BlockedShots': 448.5, 'Turnovers': 1310.7, 'PersonalFouls': 1702.9, 'Points': 9603.2, 'TrueShootingAttempts': 8642.0, 'TrueShootingPercentage': 62.7, 'PlayerEfficiencyRating': None, 'AssistsPercentage': None, 'StealsPercentage': None, 'BlocksPercentage': None, 'TurnOversPercentage': None, 'UsageRatePercentage': None, 'FantasyPointsFanDuel': 19991.1, 'FantasyPointsDraftKings': 20371.4, 'FantasyPointsYahoo': 19991.1, 'PlusMinus': 103.7, 'DoubleDoubles': 82.3, 'TripleDoubles': 4.5, 'FantasyPointsFantasyDraft': 20371.4, 'IsClosed': False, 'OpponentStat': None}",1699.5,,-66.5,9589.6,8888.2,4042.5,2018,1,50,401664,707.8,,DET,14,2674.4,998.5,42.0,,1.1,8838.2,61.2,,1182.2,5360.0,2616.9,55.0,2018-06-24T20:19:33,,39
2707.1,,688.6,,3242.4,,57.5,64.1,20843.4,22354.0,22272.5,22354.0,22272.5,7866.5,3954.6,56.7,1879.8,1532.7,91.9,82,20000026,False,24,22248,Golden State Warriors,778.8,,,"{'StatID': 400451, 'TeamID': 26, 'SeasonType': 1, 'Season': 2018, 'Name': 'Golden State Warriors', 'Team': 'GS', 'Wins': 24, 'Losses': 58, 'OpponentPosition': None, 'Possessions': 9166.0, 'GlobalTeamID': 20000026, 'Updated': '2018-06-24T20:19:33', 'Games': 82, 'FantasyPoints': 18951.7, 'Minutes': 22212, 'Seconds': 23, 'FieldGoalsMade': 3714.6, 'FieldGoalsAttempted': 8316.1, 'FieldGoalsPercentage': 50.4, 'EffectiveFieldGoalsPercentage': 56.8, 'TwoPointersMade': 2753.3, 'TwoPointersAttempted': 5620.3, 'TwoPointersPercentage': 55.2, 'ThreePointersMade': 961.3, 'ThreePointersAttempted': 2695.8, 'ThreePointersPercentage': 40.2, 'FreeThrowsMade': 1542.9, 'FreeThrowsAttempted': 2034.2, 'FreeThrowsPercentage': 85.4, 'OffensiveRebounds': 1006.4, 'DefensiveRebounds': 2918.9, 'Rebounds': 3925.3, 'OffensiveReboundsPercentage': None, 'DefensiveReboundsPercentage': None, 'TotalReboundsPercentage': None, 'Assists': 2178.5, 'Steals': 805.8, 'BlockedShots': 337.0, 'Turnovers': 1245.3, 'PersonalFouls': 1706.3, 'Points': 9933.4, 'TrueShootingAttempts': 9211.2, 'TrueShootingPercentage': 60.7, 'PlayerEfficiencyRating': None, 'AssistsPercentage': None, 'StealsPercentage': None, 'BlocksPercentage': None, 'TurnOversPercentage': None, 'UsageRatePercentage': None, 'FantasyPointsFanDuel': 20094.5, 'FantasyPointsDraftKings': 20362.9, 'FantasyPointsYahoo': 20094.5, 'PlusMinus': -2774.7, 'DoubleDoubles': 73.3, 'TripleDoubles': 1.1, 'FantasyPointsFantasyDraft': 20362.9, 'IsClosed': False, 'OpponentStat': None}",1811.1,,2760.0,10485.6,9166.0,4021.1,2018,1,0,400447,740.4,,GS,26,2671.0,1043.6,44.1,,5.6,8693.6,68.0,,1386.2,5195.5,2911.0,63.1,2018-06-24T20:19:33,,58
1992.5,,442.9,,3182.6,,107.1,62.1,19426.8,21116.9,20657.5,21116.9,20657.5,7781.9,3577.1,51.8,2322.7,1813.3,88.0,82,20000022,False,17,22262,Houston Rockets,832.9,,,"{'StatID': 400450, 'TeamID': 22, 'SeasonType': 1, 'Season': 2018, 'Name': 'Houston Rockets', 'Team': 'HOU', 'Wins': 17, 'Losses': 65, 'OpponentPosition': None, 'Possessions': 8996.7, 'GlobalTeamID': 20000022, 'Updated': '2018-06-24T20:19:33', 'Games': 82, 'FantasyPoints': 18272.1, 'Minutes': 22267, 'Seconds': 60, 'FieldGoalsMade': 3656.0, 'FieldGoalsAttempted': 7910.4, 'FieldGoalsPercentage': 52.1, 'EffectiveFieldGoalsPercentage': 58.7, 'TwoPointersMade': 2721.7, 'TwoPointersAttempted': 5243.9, 'TwoPointersPercentage': 58.5, 'ThreePointersMade': 934.3, 'ThreePointersAttempted': 2666.5, 'ThreePointersPercentage': 39.4, 'FreeThrowsMade': 1353.5, 'FreeThrowsAttempted': 1814.5, 'FreeThrowsPercentage': 84.1, 'OffensiveRebounds': 801.3, 'DefensiveRebounds': 3086.9, 'Rebounds': 3888.2, 'OffensiveReboundsPercentage': None, 'DefensiveReboundsPercentage': None, 'TotalReboundsPercentage': None, 'Assists': 2069.2, 'Steals': 688.6, 'BlockedShots': 409.1, 'Turnovers': 1292.7, 'PersonalFouls': 1881.0, 'Points': 9599.8, 'TrueShootingAttempts': 8708.8, 'TrueShootingPercentage': 62.1, 'PlayerEfficiencyRating': None, 'AssistsPercentage': None, 'StealsPercentage': None, 'BlocksPercentage': None, 'TurnOversPercentage': None, 'UsageRatePercentage': None, 'FantasyPointsFanDuel': 19369.7, 'FantasyPointsDraftKings': 19674.6, 'FantasyPointsYahoo': 19369.7, 'PlusMinus': -3926.5, 'DoubleDoubles': 58.6, 'TripleDoubles': 4.5, 'FantasyPointsFantasyDraft': 19674.6, 'IsClosed': False, 'OpponentStat': None}",1800.9,,3908.4,10383.1,8996.7,4015.5,2018,1,6,400446,787.8,,HOU,22,3910.7,1415.5,40.8,,5.6,8803.9,66.5,,1225.0,3871.2,2161.6,62.9,2018-06-24T20:19:33,,65
2050.0,,384.3,,3027.1,,55.2,59.2,18735.6,20024.0,19931.3,20024.0,19931.3,7981.4,3769.8,53.2,1772.8,1380.6,87.8,82,20000013,False,34,22260,Indiana Pacers,888.1,,,"{'StatID': 401683, 'TeamID': 13, 'SeasonType': 1, 'Season': 2018, 'Name': 'Indiana Pacers', 'Team': 'IND', 'Wins': 34, 'Losses': 48, 'OpponentPosition': None, 'Possessions': 8856.6, 'GlobalTeamID': 20000013, 'Updated': '2018-06-24T20:19:33', 'Games': 82, 'FantasyPoints': 18497.7, 'Minutes': 22245, 'Seconds': 21, 'FieldGoalsMade': 3640.2, 'FieldGoalsAttempted': 7839.4, 'FieldGoalsPercentage': 52.3, 'EffectiveFieldGoalsPercentage': 59.4, 'TwoPointersMade': 2659.7, 'TwoPointersAttempted': 5025.3, 'TwoPointersPercentage': 59.6, 'ThreePointersMade': 980.5, 'ThreePointersAttempted': 2814.1, 'ThreePointersPercentage': 39.2, 'FreeThrowsMade': 1367.1, 'FreeThrowsAttempted': 1805.5, 'FreeThrowsPercentage': 85.3, 'OffensiveRebounds': 944.4, 'DefensiveRebounds': 3023.7, 'Rebounds': 3968.2, 'OffensiveReboundsPercentage': None, 'DefensiveReboundsPercentage': None, 'TotalReboundsPercentage': None, 'Assists': 2143.6, 'Steals': 649.2, 'BlockedShots': 481.2, 'Turnovers': 1368.2, 'PersonalFouls': 1705.2, 'Points': 9628.0, 'TrueShootingAttempts': 8633.8, 'TrueShootingPercentage': 62.9, 'PlayerEfficiencyRating': None, 'AssistsPercentage': None, 'StealsPercentage': None, 'BlocksPercentage': None, 'TurnOversPercentage': None, 'UsageRatePercentage': None, 'FantasyPointsFanDuel': 19628.1, 'FantasyPointsDraftKings': 19998.3, 'FantasyPointsYahoo': 19628.1, 'PlusMinus': -639.0, 'DoubleDoubles': 80.0, 'TripleDoubles': 5.6, 'FantasyPointsFantasyDraft': 19998.3, 'IsClosed': False, 'OpponentStat': None}",1740.1,,634.5,9755.3,8856.6,3915.2,2018,1,25,401663,811.4,,IND,13,2265.3,835.1,41.6,,0.0,8761.4,62.8,,1184.5,5716.1,2934.7,57.8,2018-06-24T20:19:33,,48
2064.7,,419.2,,3119.5,,77.8,59.4,18989.5,20400.4,20117.6,20400.4,20117.6,7891.3,3721.4,53.2,2361.1,1753.6,83.7,82,20000028,False,40,22207,Los Angeles Clippers,935.4,,,"{'StatID': 402486, 'TeamID': 28, 'SeasonType': 1, 'Season': 2018, 'Name': 'Los Angeles Clippers', 'Team': 'LAC', 'Wins': 40, 'Losses': 42, 'OpponentPosition': None, 'Possessions': 9083.1, 'GlobalTeamID': 20000028, 'Updated': '2018-06-24T20:19:33', 'Games': 82, 'FantasyPoints': 19675.1, 'Minutes': 22208, 'Seconds': 0, 'FieldGoalsMade': 3716.8, 'FieldGoalsAttempted': 8105.4, 'FieldGoalsPercentage': 51.7, 'EffectiveFieldGoalsPercentage': 58.6, 'TwoPointersMade': 2724.0, 'TwoPointersAttempted': 5313.8, 'TwoPointersPercentage': 57.8, 'ThreePointersMade': 992.9, 'ThreePointersAttempted': 2791.6, 'ThreePointersPercentage': 40.1, 'FreeThrowsMade': 1642.0, 'FreeThrowsAttempted': 2100.7, 'FreeThrowsPercentage': 88.1, 'OffensiveRebounds': 981.6, 'DefensiveRebounds': 3049.7, 'Rebounds': 4031.3, 'OffensiveReboundsPercentage': None, 'DefensiveReboundsPercentage': None, 'TotalReboundsPercentage': None, 'Assists': 2270.9, 'Steals': 787.8, 'BlockedShots': 520.7, 'Turnovers': 1254.4, 'PersonalFouls': 2030.9, 'Points': 10068.6, 'TrueShootingAttempts': 9029.7, 'TrueShootingPercentage': 62.9, 'PlayerEfficiencyRating': None, 'AssistsPercentage': None, 'StealsPercentage': None, 'BlocksPercentage': None, 'TurnOversPercentage': None, 'UsageRatePercentage': None, 'FantasyPointsFanDuel': 20983.5, 'FantasyPointsDraftKings': 21127.0, 'FantasyPointsYahoo': 20983.5, 'PlusMinus': -22.5, 'DoubleDoubles': 80.0, 'TripleDoubles': 4.5, 'FantasyPointsFantasyDraft': 21127.0, 'IsClosed': False, 'OpponentStat': None}",1846.0,,16.9,10072.0,9083.1,4054.9,2018,1,0,402480,708.9,,LAC,28,2474.9,875.7,39.9,,2.3,8930.1,63.6,,1301.7,5416.4,2845.7,59.2,2018-06-24T20:19:33,,42
2195.4,,437.3,,3295.3,,100.3,58.3,19305.3,20846.4,20457.1,20846.4,20457.1,8169.6,3761.9,51.8,2152.6,1537.2,80.5,82,20000027,False,47,22423,Los Angeles Lakers,986.1,,,"{'StatID': 402485, 'TeamID': 27, 'SeasonType': 1, 'Season': 2018, 'Name': 'Los Angeles Lakers', 'Team': 'LAL', 'Wins': 47, 'Losses': 35, 'OpponentPosition': None, 'Possessions': 9330.4, 'GlobalTeamID': 20000027, 'Updated': '2018-06-24T20:19:33', 'Games': 82, 'FantasyPoints': 19654.1, 'Minutes': 22453, 'Seconds': 52, 'FieldGoalsMade': 3793.5, 'FieldGoalsAttempted': 8310.5, 'FieldGoalsPercentage': 51.4, 'EffectiveFieldGoalsPercentage': 58.0, 'TwoPointersMade': 2829.9, 'TwoPointersAttempted': 5527.9, 'TwoPointersPercentage': 57.7, 'ThreePointersMade': 963.6, 'ThreePointersAttempted': 2782.6, 'ThreePointersPercentage': 39.0, 'FreeThrowsMade': 1580.1, 'FreeThrowsAttempted': 2077.1, 'FreeThrowsPercentage': 85.8, 'OffensiveRebounds': 948.9, 'DefensiveRebounds': 3197.3, 'Rebounds': 4146.2, 'OffensiveReboundsPercentage': None, 'DefensiveReboundsPercentage': None, 'TotalReboundsPercentage': None, 'Assists': 2178.5, 'Steals': 768.6, 'BlockedShots': 503.8, 'Turnovers': 1264.5, 'PersonalFouls': 1892.2, 'Points': 10130.6, 'TrueShootingAttempts': 9224.4, 'TrueShootingPercentage': 61.9, 'PlayerEfficiencyRating': None, 'AssistsPercentage': None, 'StealsPercentage': None, 'BlocksPercentage': None, 'TurnOversPercentage': None, 'UsageRatePercentage': None, 'FantasyPointsFanDuel': 20926.5, 'FantasyPointsDraftKings': 21114.1, 'FantasyPointsYahoo': 20926.5, 'PlusMinus': 717.9, 'DoubleDoubles': 89.0, 'TripleDoubles': 3.4, 'FantasyPointsFantasyDraft': 21114.1, 'IsClosed': False, 'OpponentStat': None}",1956.5,,-719.0,9987.5,9330.4,4281.5,2018,1,40,402479,714.5,,LAL,27,2686.8,926.4,38.9,,3.4,9116.8,61.8,,1416.6,5482.9,2835.5,58.3,2018-06-24T20:19:33,,35
1991.4,,446.3,,2868.2,,63.1,56.4,17604.3,18983.5,18742.6,18983.5,18742.6,7650.1,3395.7,50.0,1952.0,1533.8,88.6,82,20000021,False,60,22205,Memphis Grizzlies,879.1,,,"{'StatID': 401690, 'TeamID': 21, 'SeasonType': 1, 'Season': 2018, 'Name': 'Memphis Grizzlies', 'Team': 'MEM', 'Wins': 60, 'Losses': 22, 'OpponentPosition': None, 'Possessions': 8726.3, 'GlobalTeamID': 20000021, 'Updated': '2018-06-24T20:19:33', 'Games': 82, 'FantasyPoints': 18683.2, 'Minutes': 22207, 'Seconds': 0, 'FieldGoalsMade': 3432.8, 'FieldGoalsAttempted': 7423.5, 'FieldGoalsPercentage': 52.1, 'EffectiveFieldGoalsPercentage': 59.6, 'TwoPointersMade': 2447.8, 'TwoPointersAttempted': 4744.7, 'TwoPointersPercentage': 58.2, 'ThreePointersMade': 985.0, 'ThreePointersAttempted': 2678.9, 'ThreePointersPercentage': 41.5, 'FreeThrowsMade': 1902.4, 'FreeThrowsAttempted': 2474.9, 'FreeThrowsPercentage': 86.7, 'OffensiveRebounds': 880.2, 'DefensiveRebounds': 3046.3, 'Rebounds': 3926.5, 'OffensiveReboundsPercentage': None, 'DefensiveReboundsPercentage': None, 'TotalReboundsPercentage': None, 'Assists': 2046.6, 'Steals': 747.2, 'BlockedShots': 474.5, 'Turnovers': 1294.9, 'PersonalFouls': 1886.6, 'Points': 9753.1, 'TrueShootingAttempts': 8512.5, 'TrueShootingPercentage': 64.6, 'PlayerEfficiencyRating': None, 'AssistsPercentage': None, 'StealsPercentage': None, 'BlocksPercentage': None, 'TurnOversPercentage': None, 'UsageRatePercentage': None, 'FantasyPointsFanDuel': 19904.8, 'FantasyPointsDraftKings': 20112.4, 'FantasyPointsYahoo': 19904.8, 'PlusMinus': 2864.8, 'DoubleDoubles': 58.6, 'TripleDoubles': 3.4, 'FantasyPointsFantasyDraft': 20112.4, 'IsClosed': False, 'OpponentStat': None}",2141.3,,-2868.2,9179.4,8726.3,3747.3,2018,1,0,401670,692.0,,MEM,21,2425.3,854.3,39.7,,1.1,8508.9,60.7,,1335.5,5224.8,2541.4,54.8,2018-06-24T20:19:33,,22
2098.5,,492.5,,3156.7,,60.9,58.6,18646.0,20078.6,19838.4,20078.6,19838.4,7886.7,3588.4,51.3,1804.3,1362.5,85.1,82,20000004,False,38,22463,Miami Heat,859.9,,,"{'StatID': 401679, 'TeamID': 4, 'SeasonType': 1, 'Season': 2018, 'Name': 'Miami Heat', 'Team': 'MIA', 'Wins': 38, 'Losses': 44, 'OpponentPosition': None, 'Possessions': 8892.6, 'GlobalTeamID': 20000004, 'Updated': '2018-06-24T20:19:33', 'Games': 82, 'FantasyPoints': 18183.2, 'Minutes': 22458, 'Seconds': 50, 'FieldGoalsMade': 3482.4, 'FieldGoalsAttempted': 7745.9, 'FieldGoalsPercentage': 50.7, 'EffectiveFieldGoalsPercentage': 57.1, 'TwoPointersMade': 2597.7, 'TwoPointersAttempted': 5287.9, 'TwoPointersPercentage': 55.3, 'ThreePointersMade': 884.7, 'ThreePointersAttempted': 2458.0, 'ThreePointersPercentage': 40.6, 'FreeThrowsMade': 1663.5, 'FreeThrowsAttempted': 2124.4, 'FreeThrowsPercentage': 88.2, 'OffensiveRebounds': 838.5, 'DefensiveRebounds': 3146.6, 'Rebounds': 3985.1, 'OffensiveReboundsPercentage': None, 'DefensiveReboundsPercentage': None, 'TotalReboundsPercentage': None, 'Assists': 1938.4, 'Steals': 694.2, 'BlockedShots': 427.1, 'Turnovers': 1262.2, 'PersonalFouls': 1788.5, 'Points': 9513.0, 'TrueShootingAttempts': 8680.6, 'TrueShootingPercentage': 61.8, 'PlayerEfficiencyRating': None, 'AssistsPercentage': None, 'StealsPercentage': None, 'BlocksPercentage': None, 'TurnOversPercentage': None, 'UsageRatePercentage': None, 'FantasyPointsFanDuel': 19304.6, 'FantasyPointsDraftKings': 19562.5, 'FantasyPointsYahoo': 19304.6, 'PlusMinus': -218.6, 'DoubleDoubles': 68.7, 'TripleDoubles': 2.3, 'FantasyPointsFantasyDraft': 19562.5, 'IsClosed': False, 'OpponentStat': None}",1857.3,,218.6,9557.0,8892.6,4016.6,2018,1,28,401659,699.9,,MIA,4,2825.4,1017.7,40.6,,0.0,8680.6,62.0,,1263.4,5061.4,2570.7,57.3,2018-06-24T20:19:33,,44
2142.4,,498.1,,2899.8,,73.3,59.8,18856.4,20168.8,20162.6,20168.8,20162.6,7670.4,3670.6,54.0,2158.2,1689.4,88.2,82,20000015,False,38,22342,Milwaukee Bucks,774.2,,,"{'StatID': 401685, 'TeamID': 15, 'SeasonType': 1, 'Season': 2018, 'Name': 'Milwaukee Bucks', 'Team': 'MIL', 'Wins': 38, 'Losses': 44, 'OpponentPosition': None, 'Possessions': 8888.8, 'GlobalTeamID': 20000015, 'Updated': '2018-06-24T20:19:33', 'Games': 82, 'FantasyPoints': 18668.9, 'Minutes': 22341, 'Seconds': 37, 'FieldGoalsMade': 3616.5, 'FieldGoalsAttempted': 7732.3, 'FieldGoalsPercentage': 52.7, 'EffectiveFieldGoalsPercentage': 59.5, 'TwoPointersMade': 2682.3, 'TwoPointersAttempted': 5224.8, 'TwoPointersPercentage': 57.8, 'ThreePointersMade': 934.3, 'ThreePointersAttempted': 2507.6, 'ThreePointersPercentage': 42.0, 'FreeThrowsMade': 1700.6, 'FreeThrowsAttempted': 2170.6, 'FreeThrowsPercentage': 88.2, 'OffensiveRebounds': 920.8, 'DefensiveRebounds': 3027.1, 'Rebounds': 3947.9, 'OffensiveReboundsPercentage': None, 'DefensiveReboundsPercentage': None, 'TotalReboundsPercentage': None, 'Assists': 2185.3, 'Steals': 659.3, 'BlockedShots': 412.5, 'Turnovers': 1358.0, 'PersonalFouls': 1839.3, 'Points': 9868.0, 'TrueShootingAttempts': 8687.4, 'TrueShootingPercentage': 64.0, 'PlayerEfficiencyRating': None, 'AssistsPercentage': None, 'StealsPercentage': None, 'BlocksPercentage': None, 'TurnOversPercentage': None, 'UsageRatePercentage': None, 'FantasyPointsFanDuel': 19740.6, 'FantasyPointsDraftKings': 20134.1, 'FantasyPointsYahoo': 19740.6, 'PlusMinus': 138.6, 'DoubleDoubles': 75.5, 'TripleDoubles': 5.6, 'FantasyPointsFantasyDraft': 20134.1, 'IsClosed': False, 'OpponentStat': None}",1972.2,,-158.9,9839.8,8888.8,3674.0,2018,1,37,401665,808.1,,MIL,15,2278.8,809.2,40.0,,3.4,8620.0,64.4,,1218.3,5391.6,2861.5,59.8,2018-06-24T20:19:33,,44
2098.5,,388.8,,2924.6,,119.5,58.9,19168.9,20456.7,20334.2,20456.7,20334.2,7958.9,3792.4,53.6,2231.5,1794.2,90.6,82,20000016,False,35,22330,Minnesota Timberwolves,956.8,,,"{'StatID': 401686, 'TeamID': 16, 'SeasonType': 1, 'Season': 2018, 'Name': 'Minnesota Timberwolves', 'Team': 'MIN', 'Wins': 35, 'Losses': 47, 'OpponentPosition': None, 'Possessions': 8866.5, 'GlobalTeamID': 20000016, 'Updated': '2018-06-24T20:19:33', 'Games': 82, 'FantasyPoints': 18571.7, 'Minutes': 22314, 'Seconds': 52, 'FieldGoalsMade': 3716.8, 'FieldGoalsAttempted': 7820.3, 'FieldGoalsPercentage': 53.5, 'EffectiveFieldGoalsPercentage': 60.7, 'TwoPointersMade': 2713.8, 'TwoPointersAttempted': 5081.6, 'TwoPointersPercentage': 60.2, 'ThreePointersMade': 1003.0, 'ThreePointersAttempted': 2738.6, 'ThreePointersPercentage': 41.2, 'FreeThrowsMade': 1477.5, 'FreeThrowsAttempted': 1896.7, 'FreeThrowsPercentage': 87.8, 'OffensiveRebounds': 900.5, 'DefensiveRebounds': 2956.1, 'Rebounds': 3856.6, 'OffensiveReboundsPercentage': None, 'DefensiveReboundsPercentage': None, 'TotalReboundsPercentage': None, 'Assists': 2210.0, 'Steals': 597.3, 'BlockedShots': 429.4, 'Turnovers': 1338.9, 'PersonalFouls': 1928.3, 'Points': 9914.2, 'TrueShootingAttempts': 8654.8, 'TrueShootingPercentage': 64.6, 'PlayerEfficiencyRating': None, 'AssistsPercentage': None, 'StealsPercentage': None, 'BlocksPercentage': None, 'TurnOversPercentage': None, 'UsageRatePercentage': None, 'FantasyPointsFanDuel': 19598.4, 'FantasyPointsDraftKings': 20062.3, 'FantasyPointsYahoo': 19598.4, 'PlusMinus': -1036.8, 'DoubleDoubles': 80.0, 'TripleDoubles': 4.5, 'FantasyPointsFantasyDraft': 20062.3, 'IsClosed': False, 'OpponentStat': None}",1684.9,,1026.7,10120.5,8866.5,3881.4,2018,1,30,401666,776.5,,MIN,16,2079.3,741.6,40.2,,0.0,8940.7,63.8,,1087.6,5879.6,3050.8,58.5,2018-06-24T20:19:33,,47
2473.8,,545.5,,3296.5,,137.5,61.0,20191.2,21753.1,21477.1,21753.1,21477.1,8160.6,3944.5,54.4,1933.9,1492.1,87.0,82,20000023,False,34,22482,New Orleans Pelicans,802.4,,,"{'StatID': 401691, 'TeamID': 23, 'SeasonType': 1, 'Season': 2018, 'Name': 'New Orleans Pelicans', 'Team': 'NO', 'Wins': 34, 'Losses': 48, 'OpponentPosition': None, 'Possessions': 9373.0, 'GlobalTeamID': 20000023, 'Updated': '2018-06-24T20:19:33', 'Games': 82, 'FantasyPoints': 19548.4, 'Minutes': 22511, 'Seconds': 19, 'FieldGoalsMade': 3857.7, 'FieldGoalsAttempted': 8496.5, 'FieldGoalsPercentage': 51.2, 'EffectiveFieldGoalsPercentage': 57.8, 'TwoPointersMade': 2853.6, 'TwoPointersAttempted': 5668.8, 'TwoPointersPercentage': 56.7, 'ThreePointersMade': 1004.2, 'ThreePointersAttempted': 2827.6, 'ThreePointersPercentage': 40.0, 'FreeThrowsMade': 1484.3, 'FreeThrowsAttempted': 1892.2, 'FreeThrowsPercentage': 88.4, 'OffensiveRebounds': 998.5, 'DefensiveRebounds': 3205.2, 'Rebounds': 4203.7, 'OffensiveReboundsPercentage': None, 'DefensiveReboundsPercentage': None, 'TotalReboundsPercentage': None, 'Assists': 2194.3, 'Steals': 756.2, 'BlockedShots': 388.8, 'Turnovers': 1281.4, 'PersonalFouls': 1881.0, 'Points': 10203.9, 'TrueShootingAttempts': 9329.0, 'TrueShootingPercentage': 61.6, 'PlayerEfficiencyRating': None, 'AssistsPercentage': None, 'StealsPercentage': None, 'BlocksPercentage': None, 'TurnOversPercentage': None, 'UsageRatePercentage': None, 'FantasyPointsFanDuel': 20693.4, 'FantasyPointsDraftKings': 21033.8, 'FantasyPointsYahoo': 20693.4, 'PlusMinus': -606.3, 'DoubleDoubles': 83.4, 'TripleDoubles': 4.5, 'FantasyPointsFantasyDraft': 21033.8, 'IsClosed': False, 'OpponentStat': None}",1769.4,,606.3,10324.4,9373.0,4098.9,2018,1,22,401671,740.4,,NO,23,2605.6,943.3,40.8,,7.9,9011.5,64.6,,1334.4,5555.0,3001.2,60.9,2018-06-24T20:19:33,,48
2154.8,,474.5,,3101.5,,86.8,57.6,18648.5,20019.5,19745.0,20019.5,19745.0,8102.0,3757.4,52.3,1755.9,1380.6,88.6,82,20000006,False,53,22347,New York Knicks,967.0,,,"{'StatID': 402481, 'TeamID': 6, 'SeasonType': 1, 'Season': 2018, 'Name': 'New York Knicks', 'Team': 'NY', 'Wins': 53, 'Losses': 29, 'OpponentPosition': None, 'Possessions': 8971.9, 'GlobalTeamID': 20000006, 'Updated': '2018-06-24T20:19:33', 'Games': 82, 'FantasyPoints': 19286.9, 'Minutes': 22390, 'Seconds': 57, 'FieldGoalsMade': 3643.6, 'FieldGoalsAttempted': 7979.2, 'FieldGoalsPercentage': 51.5, 'EffectiveFieldGoalsPercentage': 58.7, 'TwoPointersMade': 2610.1, 'TwoPointersAttempted': 5168.4, 'TwoPointersPercentage': 56.9, 'ThreePointersMade': 1033.5, 'ThreePointersAttempted': 2810.7, 'ThreePointersPercentage': 41.5, 'FreeThrowsMade': 1662.3, 'FreeThrowsAttempted': 2148.1, 'FreeThrowsPercentage': 87.2, 'OffensiveRebounds': 943.3, 'DefensiveRebounds': 3046.3, 'Rebounds': 3989.6, 'OffensiveReboundsPercentage': None, 'DefensiveReboundsPercentage': None, 'TotalReboundsPercentage': None, 'Assists': 2214.6, 'Steals': 755.1, 'BlockedShots': 437.3, 'Turnovers': 1190.1, 'PersonalFouls': 1700.6, 'Points': 9983.0, 'TrueShootingAttempts': 8924.3, 'TrueShootingPercentage': 63.0, 'PlayerEfficiencyRating': None, 'AssistsPercentage': None, 'StealsPercentage': None, 'BlocksPercentage': None, 'TurnOversPercentage': None, 'UsageRatePercentage': None, 'FantasyPointsFanDuel': 20479.3, 'FantasyPointsDraftKings': 20713.1, 'FantasyPointsYahoo': 20479.3, 'PlusMinus': 1645.4, 'DoubleDoubles': 72.1, 'TripleDoubles': 4.5, 'FantasyPointsFantasyDraft': 20713.1, 'IsClosed': False, 'OpponentStat': None}",1895.6,,-1645.4,9653.9,8971.9,4068.5,2018,1,10,402475,622.1,,NY,6,2158.2,758.5,39.6,,1.1,8874.6,61.3,,1313.0,5943.8,2998.9,56.9,2018-06-24T20:19:33,,29
1972.2,,465.5,,3010.2,,111.6,57.9,19286.1,20823.0,20591.2,20823.0,20591.2,8138.1,3686.4,51.1,2237.1,1601.5,80.7,82,20000018,False,34,22350,Oklahoma City Thunder,1152.9,,,"{'StatID': 402484, 'TeamID': 18, 'SeasonType': 1, 'Season': 2018, 'Name': 'Oklahoma City Thunder', 'Team': 'OKC', 'Wins': 34, 'Losses': 48, 'OpponentPosition': None, 'Possessions': 8943.0, 'GlobalTeamID': 20000018, 'Updated': '2018-06-24T20:19:33', 'Games': 82, 'FantasyPoints': 18434.9, 'Minutes': 22348, 'Seconds': 0, 'FieldGoalsMade': 3556.8, 'FieldGoalsAttempted': 7759.4, 'FieldGoalsPercentage': 51.6, 'EffectiveFieldGoalsPercentage': 59.2, 'TwoPointersMade': 2520.0, 'TwoPointersAttempted': 4935.1, 'TwoPointersPercentage': 57.6, 'ThreePointersMade': 1036.8, 'ThreePointersAttempted': 2824.3, 'ThreePointersPercentage': 41.4, 'FreeThrowsMade': 1501.2, 'FreeThrowsAttempted': 1954.2, 'FreeThrowsPercentage': 86.6, 'OffensiveRebounds': 882.4, 'DefensiveRebounds': 3017.0, 'Rebounds': 3899.4, 'OffensiveReboundsPercentage': None, 'DefensiveReboundsPercentage': None, 'TotalReboundsPercentage': None, 'Assists': 2153.7, 'Steals': 712.3, 'BlockedShots': 426.0, 'Turnovers': 1403.1, 'PersonalFouls': 1972.2, 'Points': 9651.6, 'TrueShootingAttempts': 8619.3, 'TrueShootingPercentage': 63.1, 'PlayerEfficiencyRating': None, 'AssistsPercentage': None, 'StealsPercentage': None, 'BlocksPercentage': None, 'TurnOversPercentage': None, 'UsageRatePercentage': None, 'FantasyPointsFanDuel': 19573.2, 'FantasyPointsDraftKings': 19944.5, 'FantasyPointsYahoo': 19573.2, 'PlusMinus': -1580.1, 'DoubleDoubles': 62.0, 'TripleDoubles': 1.1, 'FantasyPointsFantasyDraft': 19944.5, 'IsClosed': False, 'OpponentStat': None}",1861.8,,1577.8,9967.2,8943.0,4163.1,2018,1,18,402478,839.6,,OKC,18,2807.4,992.9,39.9,,28.2,9122.4,61.5,,1245.3,5330.7,2693.5,56.9,2018-06-24T20:19:33,,48
2165.0,,453.1,,3036.1,,73.3,57.7,18439.6,19861.7,19592.6,19861.7,19592.6,7938.6,3586.1,50.9,1891.1,1432.4,85.3,82,20000005,False,57,22244,Orlando Magic,813.7,,,"{'StatID': 401680, 'TeamID': 5, 'SeasonType': 1, 'Season': 2018, 'Name': 'Orlando Magic', 'Team': 'ORL', 'Wins': 57, 'Losses': 25, 'OpponentPosition': None, 'Possessions': 9026.5, 'GlobalTeamID': 20000005, 'Updated': '2018-06-24T20:19:33', 'Games': 82, 'FantasyPoints': 19566.1, 'Minutes': 22232, 'Seconds': 18, 'FieldGoalsMade': 3781.1, 'FieldGoalsAttempted': 8088.5, 'FieldGoalsPercentage': 52.6, 'EffectiveFieldGoalsPercentage': 59.1, 'TwoPointersMade': 2858.1, 'TwoPointersAttempted': 5539.2, 'TwoPointersPercentage': 58.2, 'ThreePointersMade': 923.0, 'ThreePointersAttempted': 2549.3, 'ThreePointersPercentage': 40.8, 'FreeThrowsMade': 1515.8, 'FreeThrowsAttempted': 1962.1, 'FreeThrowsPercentage': 87.1, 'OffensiveRebounds': 979.4, 'DefensiveRebounds': 3259.3, 'Rebounds': 4238.6, 'OffensiveReboundsPercentage': None, 'DefensiveReboundsPercentage': None, 'TotalReboundsPercentage': None, 'Assists': 2251.7, 'Steals': 721.3, 'BlockedShots': 454.2, 'Turnovers': 1249.8, 'PersonalFouls': 1753.6, 'Points': 10001.0, 'TrueShootingAttempts': 8951.8, 'TrueShootingPercentage': 63.0, 'PlayerEfficiencyRating': None, 'AssistsPercentage': None, 'StealsPercentage': None, 'BlocksPercentage': None, 'TurnOversPercentage': None, 'UsageRatePercentage': None, 'FantasyPointsFanDuel': 20741.5, 'FantasyPointsDraftKings': 20987.8, 'FantasyPointsYahoo': 20741.5, 'PlusMinus': 2229.2, 'DoubleDoubles': 81.1, 'TripleDoubles': 2.3, 'FantasyPointsFantasyDraft': 20987.8, 'IsClosed': False, 'OpponentStat': None}",1779.5,,-2232.6,9555.8,9026.5,3849.8,2018,1,27,401660,699.9,,ORL,5,2710.4,951.2,39.6,,1.1,8770.7,61.4,,1289.3,5228.2,2634.9,56.8,2018-06-24T20:19:33,,25
2501.9,,473.3,,3377.6,,120.6,60.3,20174.7,21839.9,21414.4,21839.9,21414.4,8000.6,3774.3,53.2,2105.2,1583.4,84.8,82,20000007,False,30,22278,Philadelphia 76ers,1007.5,,,"{'StatID': 401681, 'TeamID': 7, 'SeasonType': 1, 'Season': 2018, 'Name': 'Philadelphia 76ers', 'Team': 'PHI', 'Wins': 30, 'Losses': 52, 'OpponentPosition': None, 'Possessions': 9212.9, 'GlobalTeamID': 20000007, 'Updated': '2018-06-24T20:19:33', 'Games': 82, 'FantasyPoints': 18664.5, 'Minutes': 22289, 'Seconds': 3, 'FieldGoalsMade': 3516.2, 'FieldGoalsAttempted': 8095.2, 'FieldGoalsPercentage': 48.9, 'EffectiveFieldGoalsPercentage': 55.4, 'TwoPointersMade': 2582.0, 'TwoPointersAttempted': 5360.0, 'TwoPointersPercentage': 54.3, 'ThreePointersMade': 934.3, 'ThreePointersAttempted': 2735.2, 'ThreePointersPercentage': 38.5, 'FreeThrowsMade': 1764.9, 'FreeThrowsAttempted': 2369.0, 'FreeThrowsPercentage': 84.0, 'OffensiveRebounds': 920.8, 'DefensiveRebounds': 2974.2, 'Rebounds': 3894.9, 'OffensiveReboundsPercentage': None, 'DefensiveReboundsPercentage': None, 'TotalReboundsPercentage': None, 'Assists': 2008.3, 'Steals': 786.6, 'BlockedShots': 470.0, 'Turnovers': 1266.7, 'PersonalFouls': 1882.1, 'Points': 9731.6, 'TrueShootingAttempts': 9137.6, 'TrueShootingPercentage': 60.0, 'PlayerEfficiencyRating': None, 'AssistsPercentage': None, 'StealsPercentage': None, 'BlocksPercentage': None, 'TurnOversPercentage': None, 'UsageRatePercentage': None, 'FantasyPointsFanDuel': 19921.1, 'FantasyPointsDraftKings': 20069.1, 'FantasyPointsYahoo': 19921.1, 'PlusMinus': -2078.2, 'DoubleDoubles': 68.7, 'TripleDoubles': 4.5, 'FantasyPointsFantasyDraft': 20069.1, 'IsClosed': False, 'OpponentStat': None}",2039.9,,2082.7,10147.5,9212.9,4385.2,2018,1,31,401661,766.4,,PHI,7,2755.5,1015.4,41.6,,15.8,8926.9,64.0,,1467.4,5245.1,2758.9,59.3,2018-06-24T20:19:33,,52
1964.4,,415.9,,3127.4,,62.0,55.8,18167.4,19594.0,19225.6,19594.0,19225.6,8047.9,3553.4,49.8,2211.2,1637.5,83.5,82,20000029,False,61,22207,Phoenix Suns,950.1,,,"{'StatID': 401694, 'TeamID': 29, 'SeasonType': 1, 'Season': 2018, 'Name': 'Phoenix Suns', 'Team': 'PHO', 'Wins': 61, 'Losses': 21, 'OpponentPosition': None, 'Possessions': 9227.9, 'GlobalTeamID': 20000029, 'Updated': '2018-06-24T20:19:33', 'Games': 82, 'FantasyPoints': 20290.5, 'Minutes': 22200, 'Seconds': 10, 'FieldGoalsMade': 3861.1, 'FieldGoalsAttempted': 8196.7, 'FieldGoalsPercentage': 53.1, 'EffectiveFieldGoalsPercentage': 60.1, 'TwoPointersMade': 2852.4, 'TwoPointersAttempted': 5495.3, 'TwoPointersPercentage': 58.5, 'ThreePointersMade': 1008.7, 'ThreePointersAttempted': 2701.4, 'ThreePointersPercentage': 42.0, 'FreeThrowsMade': 1739.0, 'FreeThrowsAttempted': 2269.8, 'FreeThrowsPercentage': 86.3, 'OffensiveRebounds': 963.6, 'DefensiveRebounds': 3273.9, 'Rebounds': 4237.5, 'OffensiveReboundsPercentage': None, 'DefensiveReboundsPercentage': None, 'TotalReboundsPercentage': None, 'Assists': 2152.6, 'Steals': 802.4, 'BlockedShots': 551.1, 'Turnovers': 1200.3, 'PersonalFouls': 1931.7, 'Points': 10469.8, 'TrueShootingAttempts': 9195.4, 'TrueShootingPercentage': 64.1, 'PlayerEfficiencyRating': None, 'AssistsPercentage': None, 'StealsPercentage': None, 'BlocksPercentage': None, 'TurnOversPercentage': None, 'UsageRatePercentage': None, 'FantasyPointsFanDuel': 21644.0, 'FantasyPointsDraftKings': 21743.8, 'FantasyPointsYahoo': 21644.0, 'PlusMinus': 4332.2, 'DoubleDoubles': 89.0, 'TripleDoubles': 2.3, 'FantasyPointsFantasyDraft': 21743.8, 'IsClosed': False, 'OpponentStat': None}",2036.5,,-4316.4,9604.3,9227.9,4077.5,2018,1,0,401674,642.4,,PHO,29,2576.3,859.9,37.6,,2.3,9020.8,60.0,,1393.0,5471.6,2693.5,55.4,2018-06-24T20:19:33,,21
1804.3,,476.7,,3261.5,,62.0,57.6,18555.3,19936.9,19680.0,19936.9,19680.0,8037.8,3631.2,50.9,1932.8,1546.2,90.2,82,20000019,False,33,22270,Portland Trail Blazers,941.0,,,"{'StatID': 401688, 'TeamID': 19, 'SeasonType': 1, 'Season': 2018, 'Name': 'Portland Trail Blazers', 'Team': 'POR', 'Wins': 33, 'Losses': 49, 'OpponentPosition': None, 'Possessions': 8916.9, 'GlobalTeamID': 20000019, 'Updated': '2018-06-24T20:19:33', 'Games': 82, 'FantasyPoints': 18220.1, 'Minutes': 22259, 'Seconds': 29, 'FieldGoalsMade': 3545.5, 'FieldGoalsAttempted': 7936.3, 'FieldGoalsPercentage': 50.4, 'EffectiveFieldGoalsPercentage': 56.7, 'TwoPointersMade': 2650.7, 'TwoPointersAttempted': 5480.6, 'TwoPointersPercentage': 54.5, 'ThreePointersMade': 894.8, 'ThreePointersAttempted': 2455.7, 'ThreePointersPercentage': 41.0, 'FreeThrowsMade': 1535.0, 'FreeThrowsAttempted': 2032.0, 'FreeThrowsPercentage': 85.1, 'OffensiveRebounds': 859.9, 'DefensiveRebounds': 3103.8, 'Rebounds': 3963.7, 'OffensiveReboundsPercentage': None, 'DefensiveReboundsPercentage': None, 'TotalReboundsPercentage': None, 'Assists': 1862.9, 'Steals': 677.3, 'BlockedShots': 470.0, 'Turnovers': 1146.2, 'PersonalFouls': 1762.6, 'Points': 9520.9, 'TrueShootingAttempts': 8830.4, 'TrueShootingPercentage': 60.7, 'PlayerEfficiencyRating': None, 'AssistsPercentage': None, 'StealsPercentage': None, 'BlocksPercentage': None, 'TurnOversPercentage': None, 'UsageRatePercentage': None, 'FantasyPointsFanDuel': 19367.4, 'FantasyPointsDraftKings': 19523.3, 'FantasyPointsYahoo': 19367.4, 'PlusMinus': -1199.1, 'DoubleDoubles': 54.1, 'TripleDoubles': 2.3, 'FantasyPointsFantasyDraft': 19523.3, 'IsClosed': False, 'OpponentStat': None}",1802.1,,1204.8,9760.9,8916.9,4202.6,2018,1,29,401668,648.0,,POR,19,2600.0,952.3,41.2,,0.0,8888.2,61.9,,1204.8,5437.8,2678.9,55.6,2018-06-24T20:19:33,,49
2106.4,,517.3,,3129.7,,65.4,57.1,18832.7,20115.5,20057.8,20115.5,20057.8,7886.7,3608.7,51.6,1932.8,1492.1,87.0,82,20000024,False,35,22241,San Antonio Spurs,955.7,,,"{'StatID': 401692, 'TeamID': 24, 'SeasonType': 1, 'Season': 2018, 'Name': 'San Antonio Spurs', 'Team': 'SA', 'Wins': 35, 'Losses': 47, 'OpponentPosition': None, 'Possessions': 8757.3, 'GlobalTeamID': 20000024, 'Updated': '2018-06-24T20:19:33', 'Games': 82, 'FantasyPoints': 17822.8, 'Minutes': 22234, 'Seconds': 46, 'FieldGoalsMade': 3528.6, 'FieldGoalsAttempted': 7788.7, 'FieldGoalsPercentage': 51.1, 'EffectiveFieldGoalsPercentage': 57.1, 'TwoPointersMade': 2683.4, 'TwoPointersAttempted': 5361.1, 'TwoPointersPercentage': 56.5, 'ThreePointersMade': 845.2, 'ThreePointersAttempted': 2427.6, 'ThreePointersPercentage': 39.2, 'FreeThrowsMade': 1324.2, 'FreeThrowsAttempted': 1745.7, 'FreeThrowsPercentage': 85.5, 'OffensiveRebounds': 850.9, 'DefensiveRebounds': 3079.0, 'Rebounds': 3929.8, 'OffensiveReboundsPercentage': None, 'DefensiveReboundsPercentage': None, 'TotalReboundsPercentage': None, 'Assists': 2012.8, 'Steals': 701.0, 'BlockedShots': 356.1, 'Turnovers': 1253.2, 'PersonalFouls': 1823.5, 'Points': 9226.7, 'TrueShootingAttempts': 8556.8, 'TrueShootingPercentage': 60.7, 'PlayerEfficiencyRating': None, 'AssistsPercentage': None, 'StealsPercentage': None, 'BlocksPercentage': None, 'TurnOversPercentage': None, 'UsageRatePercentage': None, 'FantasyPointsFanDuel': 18880.0, 'FantasyPointsDraftKings': 19185.2, 'FantasyPointsYahoo': 18880.0, 'PlusMinus': -1349.0, 'DoubleDoubles': 73.3, 'TripleDoubles': 4.5, 'FantasyPointsFantasyDraft': 19185.2, 'IsClosed': False, 'OpponentStat': None}",1587.9,,1331.0,9493.8,8757.3,4085.4,2018,1,21,401672,707.8,,SA,24,2228.1,784.4,39.7,,1.1,8737.2,61.2,,1173.2,5658.7,2824.3,56.2,2018-06-24T20:19:33,,47
1991.4,,382.1,,2902.0,,36.1,56.6,17647.8,18917.0,18754.5,18917.0,18754.5,7958.9,3582.7,50.7,1542.9,1136.0,82.9,82,20000030,False,55,22237,Sacramento Kings,876.8,,,"{'StatID': 401695, 'TeamID': 30, 'SeasonType': 1, 'Season': 2018, 'Name': 'Sacramento Kings', 'Team': 'SAC', 'Wins': 55, 'Losses': 27, 'OpponentPosition': None, 'Possessions': 8748.4, 'GlobalTeamID': 20000030, 'Updated': '2018-06-24T20:19:33', 'Games': 82, 'FantasyPoints': 18956.3, 'Minutes': 22265, 'Seconds': 0, 'FieldGoalsMade': 3580.5, 'FieldGoalsAttempted': 7616.3, 'FieldGoalsPercentage': 53.0, 'EffectiveFieldGoalsPercentage': 61.1, 'TwoPointersMade': 2480.5, 'TwoPointersAttempted': 4701.8, 'TwoPointersPercentage': 59.5, 'ThreePointersMade': 1100.0, 'ThreePointersAttempted': 2914.4, 'ThreePointersPercentage': 42.5, 'FreeThrowsMade': 1518.1, 'FreeThrowsAttempted': 1983.5, 'FreeThrowsPercentage': 86.2, 'OffensiveRebounds': 839.6, 'DefensiveRebounds': 3204.1, 'Rebounds': 4043.7, 'OffensiveReboundsPercentage': None, 'DefensiveReboundsPercentage': None, 'TotalReboundsPercentage': None, 'Assists': 2185.3, 'Steals': 717.9, 'BlockedShots': 438.4, 'Turnovers': 1265.6, 'PersonalFouls': 1602.6, 'Points': 9779.0, 'TrueShootingAttempts': 8489.0, 'TrueShootingPercentage': 64.9, 'PlayerEfficiencyRating': None, 'AssistsPercentage': None, 'StealsPercentage': None, 'BlocksPercentage': None, 'TurnOversPercentage': None, 'UsageRatePercentage': None, 'FantasyPointsFanDuel': 20112.6, 'FantasyPointsDraftKings': 20461.2, 'FantasyPointsYahoo': 20112.6, 'PlusMinus': 3228.9, 'DoubleDoubles': 74.4, 'TripleDoubles': 5.6, 'FantasyPointsFantasyDraft': 20461.2, 'IsClosed': False, 'OpponentStat': None}",1844.9,,-3217.6,9133.2,8748.4,3778.8,2018,1,23,401675,724.7,,SAC,30,2217.9,831.7,42.3,,0.0,8637.7,59.6,,1220.5,5740.9,2751.0,54.0,2018-06-24T20:19:33,,27
2248.4,,563.5,,3162.4,,69.9,60.7,19930.9,21378.9,21201.0,21378.9,21201.0,8080.6,3812.6,53.2,2017.3,1602.6,89.5,82,20000010,False,23,22348,Toronto Raptors,902.7,,,"{'StatID': 402482, 'TeamID': 10, 'SeasonType': 1, 'Season': 2018, 'Name': 'Toronto Raptors', 'Team': 'TOR', 'Wins': 23, 'Losses': 59, 'OpponentPosition': None, 'Possessions': 9012.1, 'GlobalTeamID': 20000010, 'Updated': '2018-06-24T20:19:33', 'Games': 82, 'FantasyPoints': 18276.3, 'Minutes': 22334, 'Seconds': 40, 'FieldGoalsMade': 3548.9, 'FieldGoalsAttempted': 7907.0, 'FieldGoalsPercentage': 50.6, 'EffectiveFieldGoalsPercentage': 56.5, 'TwoPointersMade': 2725.1, 'TwoPointersAttempted': 5601.2, 'TwoPointersPercentage': 54.9, 'ThreePointersMade': 823.8, 'ThreePointersAttempted': 2305.8, 'ThreePointersPercentage': 40.2, 'FreeThrowsMade': 1678.1, 'FreeThrowsAttempted': 2188.6, 'FreeThrowsPercentage': 86.4, 'OffensiveRebounds': 907.2, 'DefensiveRebounds': 3008.0, 'Rebounds': 3915.2, 'OffensiveReboundsPercentage': None, 'DefensiveReboundsPercentage': None, 'TotalReboundsPercentage': None, 'Assists': 2010.6, 'Steals': 663.8, 'BlockedShots': 451.9, 'Turnovers': 1269.0, 'PersonalFouls': 1839.3, 'Points': 9599.8, 'TrueShootingAttempts': 8870.0, 'TrueShootingPercentage': 61.0, 'PlayerEfficiencyRating': None, 'AssistsPercentage': None, 'StealsPercentage': None, 'BlocksPercentage': None, 'TurnOversPercentage': None, 'UsageRatePercentage': None, 'FantasyPointsFanDuel': 19392.1, 'FantasyPointsDraftKings': 19621.6, 'FantasyPointsYahoo': 19392.1, 'PlusMinus': -3597.4, 'DoubleDoubles': 66.5, 'TripleDoubles': 2.3, 'FantasyPointsFantasyDraft': 19621.6, 'IsClosed': False, 'OpponentStat': None}",2009.4,,3560.2,10318.8,9012.1,4065.1,2018,1,0,402476,706.6,,TOR,10,3048.5,1090.9,40.3,,3.4,8968.2,64.8,,1178.8,5032.1,2721.7,61.0,2018-06-24T20:19:33,,59
2072.6,,473.3,,3163.5,,72.1,59.4,18767.6,20228.5,20040.0,20228.5,20040.0,7659.1,3537.7,52.1,1990.3,1549.6,87.8,82,20000017,False,34,22313,Utah Jazz,832.9,,,"{'StatID': 401687, 'TeamID': 17, 'SeasonType': 1, 'Season': 2018, 'Name': 'Utah Jazz', 'Team': 'UTA', 'Wins': 34, 'Losses': 48, 'OpponentPosition': None, 'Possessions': 8834.4, 'GlobalTeamID': 20000017, 'Updated': '2018-06-24T20:19:33', 'Games': 82, 'FantasyPoints': 17648.1, 'Minutes': 22271, 'Seconds': 58, 'FieldGoalsMade': 3445.2, 'FieldGoalsAttempted': 7668.1, 'FieldGoalsPercentage': 50.6, 'EffectiveFieldGoalsPercentage': 57.0, 'TwoPointersMade': 2568.4, 'TwoPointersAttempted': 5266.5, 'TwoPointersPercentage': 55.0, 'ThreePointersMade': 876.8, 'ThreePointersAttempted': 2401.6, 'ThreePointersPercentage': 41.1, 'FreeThrowsMade': 1459.5, 'FreeThrowsAttempted': 1893.4, 'FreeThrowsPercentage': 86.9, 'OffensiveRebounds': 800.2, 'DefensiveRebounds': 3045.2, 'Rebounds': 3845.3, 'OffensiveReboundsPercentage': None, 'DefensiveReboundsPercentage': None, 'TotalReboundsPercentage': None, 'Assists': 1843.8, 'Steals': 764.1, 'BlockedShots': 427.1, 'Turnovers': 1341.1, 'PersonalFouls': 1896.7, 'Points': 9226.7, 'TrueShootingAttempts': 8501.2, 'TrueShootingPercentage': 61.2, 'PlayerEfficiencyRating': None, 'AssistsPercentage': None, 'StealsPercentage': None, 'BlocksPercentage': None, 'TurnOversPercentage': None, 'UsageRatePercentage': None, 'FantasyPointsFanDuel': 18839.4, 'FantasyPointsDraftKings': 19050.8, 'FantasyPointsYahoo': 18839.4, 'PlusMinus': -1989.2, 'DoubleDoubles': 60.9, 'TripleDoubles': 6.8, 'FantasyPointsFantasyDraft': 19050.8, 'IsClosed': False, 'OpponentStat': None}",1812.2,,1989.2,9624.6,8834.4,3996.3,2018,1,4,401667,799.0,,UTA,17,2733.0,999.6,41.2,,0.0,8534.8,63.6,,1306.2,4926.1,2538.0,58.0,2018-06-24T20:19:33,,48
2327.3,,396.7,,3056.4,,64.2,59.2,19072.8,20477.3,20197.5,20477.3,20197.5,7908.2,3690.9,52.6,2012.8,1553.0,87.0,82,20000001,False,39,22376,Washington Wizards,927.5,,,"{'StatID': 401676, 'TeamID': 1, 'SeasonType': 1, 'Season': 2018, 'Name': 'Washington Wizards', 'Team': 'WAS', 'Wins': 39, 'Losses': 43, 'OpponentPosition': None, 'Possessions': 8963.9, 'GlobalTeamID': 20000001, 'Updated': '2018-06-24T20:19:33', 'Games': 82, 'FantasyPoints': 18583.9, 'Minutes': 22396, 'Seconds': 36, 'FieldGoalsMade': 3600.8, 'FieldGoalsAttempted': 7796.6, 'FieldGoalsPercentage': 52.1, 'EffectiveFieldGoalsPercentage': 58.8, 'TwoPointersMade': 2659.7, 'TwoPointersAttempted': 5099.7, 'TwoPointersPercentage': 58.8, 'ThreePointersMade': 941.0, 'ThreePointersAttempted': 2696.9, 'ThreePointersPercentage': 39.3, 'FreeThrowsMade': 1655.6, 'FreeThrowsAttempted': 2176.2, 'FreeThrowsPercentage': 85.8, 'OffensiveRebounds': 907.2, 'DefensiveRebounds': 3021.5, 'Rebounds': 3928.7, 'OffensiveReboundsPercentage': None, 'DefensiveReboundsPercentage': None, 'TotalReboundsPercentage': None, 'Assists': 2063.5, 'Steals': 723.5, 'BlockedShots': 431.6, 'Turnovers': 1334.4, 'PersonalFouls': 1847.2, 'Points': 9798.1, 'TrueShootingAttempts': 8754.1, 'TrueShootingPercentage': 63.1, 'PlayerEfficiencyRating': None, 'AssistsPercentage': None, 'StealsPercentage': None, 'BlocksPercentage': None, 'TurnOversPercentage': None, 'UsageRatePercentage': None, 'FantasyPointsFanDuel': 19739.1, 'FantasyPointsDraftKings': 20027.9, 'FantasyPointsYahoo': 19739.1, 'PlusMinus': -270.5, 'DoubleDoubles': 72.1, 'TripleDoubles': 1.1, 'FantasyPointsFantasyDraft': 20027.9, 'IsClosed': False, 'OpponentStat': None}",1967.7,,294.1,9852.2,8963.9,3983.9,2018,1,0,401656,728.0,,WAS,1,2449.0,917.4,42.3,,0.0,8793.8,63.1,,1300.6,5459.2,2773.5,57.3,2018-06-24T20:19:33,,43
